supplier_id,name,tier,country,reports_data
S0035,Ferrovale Smelting Works,3,IN,no
S0008,Granite Foundry,1,US,yes
S0029,Northwind Supplies,2,IN,yes
S0022,Northwind Logistics,2,IN,yes
S0030,Granite Works,2,AU,yes
S0025,Crescent Plastics,2,DE,yes
S0001,Sunrise Metals,1,AU,yes
S0006,Zenith Materials,1,CN,yes
S0086,Orion Extrusion,3,DE,yes
S0007,Ashgrove Works,1,IN,yes
S0013,Pinnacle Polymers,2,CN,yes
S0043,Ironwood Supplies,3,IN,yes
S0163,Ironwood Components,4,IN,yes
S0015,Kalpana Supplies,2,CN,yes
S0032,Crescent Casting,2,DE,yes
S0021,Zenith Logistics,2,AU,yes
S0033,Vertex Extrusion,2,AU,yes
S0020,Crescent Materials,2,DE,yes
S0060,Zenith Supplies,3,IN,yes
S0028,Orion Casting,2,US,no
S0178,Granite Industries,4,VN,no
S0145,Pinnacle Components,4,VN,yes
S0075,Kalpana Casting,3,CN,yes
S0004,Vertex Components,1,CN,yes
S0005,Vertex Casting,1,CN,yes
S0049,Blue Harbour Logistics,3,IN,yes
S0078,Zenith Foundry,3,DE,yes
S0011,Northwind Foundry,2,US,yes
S0042,Blue Harbour Polymers,3,IN,no
S0068,Lotus Plastics,3,IN,yes
S0023,Kalpana Logistics,2,VN,yes
S0009,Orion Logistics,2,DE,yes
S0057,Sunrise Logistics,3,CN,yes
S0017,Pinnacle Plastics,2,DE,yes
S0018,Ashgrove Foundry,2,AU,yes
S0044,Orion Plastics,3,AU,yes
S0171,Granite Assembly,4,VN,yes
S0107,Granite Polymers,3,VN,yes
S0019,Granite Casting,2,AU,yes
S0082,Meridian Extrusion,3,AU,yes
S0014,Northwind Extrusion,2,CN,yes
S0056,Silverline Foundry,3,DE,yes
S0085,Ashgrove Metals,3,IN,yes
S0062,Silverline Metals,3,CN,yes
S0037,Ashgrove Casting,3,CN,yes
S0141,Meridian Assembly,4,AU,yes
S0027,Everest Polymers,2,US,yes
S0054,Meridian Components,3,IN,yes
S0026,Zenith Casting,2,DE,yes
S0177,Crescent Works,4,IN,yes
S0065,Meridian Industries,3,CN,yes
S0098,Zenith Fabrication,3,IN,no
S0077,Pinnacle Industries,3,CN,yes
S0084,Northwind Components,3,AU,yes
S0067,Northwind Polymers,3,US,yes
S0048,Pinnacle Assembly,3,VN,yes
S0191,Silverline Extrusion,4,IN,yes
S0012,Zenith Industries,2,AU,yes
S0106,Everest Extrusion,3,US,yes
S0160,Tata Components,4,CN,yes
S0064,Zenith Extrusion,3,AU,yes
S0066,Zenith Metals,3,AU,yes
S0031,Kalpana Materials,2,US,yes
S0090,Sunrise Fabrication,3,VN,yes
S0167,Ironwood Industries,4,IN,yes
S0161,Tata Metals,4,AU,yes
S0010,Silverline Components,2,DE,yes
S0114,Ironwood Polymers,4,IN,yes
S0116,Vertex Works,4,IN,yes
S0180,Sunrise Extrusion,4,CN,yes
S0055,Pinnacle Materials,3,US,yes
S0002,Blue Harbour Plastics,1,AU,yes
S0113,Meridian Plastics,4,IN,no
S0059,Kalpana Assembly,3,VN,no
S0073,Tata Assembly,3,DE,yes
S0039,Lotus Polymers,3,CN,yes
S0050,Blue Harbour Metals,3,IN,yes
S0100,Sunrise Polymers,3,US,yes
S0045,Zenith Plastics,3,DE,yes
S0104,Delta Polymers,3,DE,yes
S0192,Delta Extrusion,4,AU,yes
S0076,Orion Fabrication,3,IN,yes
S0131,Ironwood Metals,4,US,yes
S0148,Lotus Extrusion,4,DE,yes
S0092,Delta Works,3,US,yes
S0103,Meridian Fabrication,3,US,no
S0165,Northwind Plastics,4,CN,yes
S0040,Lotus Metals,3,VN,yes
S0046,Everest Logistics,3,VN,yes
S0139,Meridian Supplies,4,IN,yes
S0063,Crescent Industries,3,US,yes
S0126,Everest Fabrication,4,VN,yes
S0124,Kalpana Plastics,4,CN,yes
S0122,Crescent Components,4,AU,yes
S0127,Everest Materials,4,VN,yes
S0083,Lotus Assembly,3,DE,yes
S0053,Ironwood Logistics,3,US,yes
S0069,Granite Components,3,VN,no
S0156,Tata Extrusion,4,VN,yes
S0123,Ashgrove Fabrication,4,DE,yes
S0170,Kalpana Polymers,4,IN,yes
S0052,Blue Harbour Industries,3,AU,yes
S0058,Everest Plastics,3,DE,yes
S0186,Delta Casting,4,VN,yes
S0079,Sunrise Plastics,3,DE,no
S0135,Silverline Fabrication,4,CN,yes
S0175,Kalpana Fabrication,4,DE,yes
S0179,Everest Components,4,CN,yes
S0095,Meridian Materials,3,DE,yes
S0169,Ashgrove Supplies,4,CN,no
S0071,Lotus Fabrication,3,DE,yes
S0036,Crescent Metals,3,AU,yes
S0137,Pinnacle Logistics,4,AU,no
S0080,Sunrise Foundry,3,VN,yes
S0024,Delta Logistics,2,AU,yes
S0149,Blue Harbour Supplies,4,IN,yes
S0061,Everest Assembly,3,US,yes
S0185,Orion Assembly,4,VN,yes
S0093,Sunrise Materials,3,IN,yes
S0200,Tata Fabrication,4,AU,yes
S0041,Pinnacle Supplies,3,DE,yes
S0074,Crescent Polymers,3,VN,yes
S0003,Zenith Components,1,VN,yes
S0181,Silverline Logistics,4,VN,yes
S0034,Zenith Works,2,DE,yes
S0096,Kalpana Works,3,DE,yes
S0097,Lotus Materials,3,AU,yes
S0130,Blue Harbour Assembly,4,CN,yes
S0102,Everest Metals,3,VN,yes
S0081,Tata Polymers,3,CN,yes
S0088,Northwind Industries,3,DE,yes
S0193,Pinnacle Fabrication,4,US,no
S0150,Crescent Logistics,4,US,yes
S0158,Ashgrove Logistics,4,IN,yes
S0133,Silverline Polymers,4,VN,yes
S0109,Delta Assembly,4,US,yes
S0101,Delta Materials,3,VN,yes
S0184,Tata Supplies,4,VN,yes
S0115,Silverline Assembly,4,US,yes
S0047,Meridian Foundry,3,DE,yes
S0172,Ironwood Fabrication,4,US,yes
S0108,Vertex Industries,3,DE,yes
S0128,Vertex Supplies,4,VN,yes
S0143,Silverline Materials,4,AU,no
S0194,Granite Plastics,4,CN,no
S0199,Meridian Polymers,4,DE,yes
S0198,Tata Works,4,CN,yes
S0099,Ashgrove Plastics,3,VN,yes
S0196,Everest Foundry,4,DE,yes
S0111,Granite Extrusion,4,IN,yes
S0070,Blue Harbour Materials,3,IN,yes
S0142,Sunrise Works,4,CN,yes
S0091,Granite Materials,3,IN,yes
S0147,Pinnacle Extrusion,4,US,yes
S0051,Kalpana Metals,3,DE,no
S0144,Blue Harbour Components,4,AU,yes
S0183,Lotus Industries,4,IN,yes
S0120,Zenith Assembly,4,CN,yes
S0117,Northwind Casting,4,CN,yes
S0087,Everest Casting,3,IN,no
S0119,Lotus Casting,4,VN,yes
S0159,Granite Logistics,4,CN,yes
S0105,Tata Casting,3,DE,yes
S0072,Ashgrove Materials,3,CN,yes
S0134,Kalpana Extrusion,4,US,no
S0197,Vertex Polymers,4,AU,yes
S0174,Silverline Supplies,4,VN,no
S0190,Orion Components,4,US,yes
S0166,Blue Harbour Works,4,VN,yes
S0164,Granite Metals,4,DE,yes
S0154,Blue Harbour Foundry,4,US,yes
S0016,Silverline Industries,2,US,yes
S0168,Sunrise Casting,4,CN,yes
S0125,Orion Foundry,4,CN,no
S0118,Sunrise Assembly,4,CN,yes
S0132,Granite Supplies,4,US,yes
S0187,Delta Supplies,4,CN,yes
S0173,Granite Fabrication,4,US,yes
S0146,Everest Supplies,4,US,no
S0136,Everest Industries,4,IN,yes
S0038,Sunrise Supplies,3,AU,yes
S0162,Tata Foundry,4,CN,yes
S0188,Delta Foundry,4,US,yes
S0189,Vertex Foundry,4,CN,yes
S0094,Crescent Fabrication,3,DE,yes
S0153,Lotus Logistics,4,IN,yes
S0176,Lotus Supplies,4,IN,yes
S0155,Tata Logistics,4,US,yes
S0140,Ironwood Extrusion,4,IN,yes
S0121,Ironwood Assembly,4,DE,yes
S0182,Orion Supplies,4,IN,yes
S0138,Northwind Works,4,IN,yes
S0089,Northwind Fabrication,3,CN,yes
S0129,Vertex Fabrication,4,DE,yes
S0157,Pinnacle Foundry,4,US,yes
S0195,Crescent Extrusion,4,DE,yes
S0112,Blue Harbour Extrusion,4,DE,yes
S0110,Meridian Casting,4,US,yes
S0151,Vertex Assembly,4,DE,no
S0152,Ashgrove Polymers,4,AU,yes
